	{

		"metadata": {
			"formatVersion" : 3.1,
			"generatedBy"   : "Blender 2.7 Exporter",
			"vertices"      : 124,
			"faces"         : 96,
			"normals"       : 31,
			"colors"        : 0,
			"uvs"           : [105],
			"materials"     : 1,
			"morphTargets"  : 0,
			"bones"         : 0
		},

			"scale" : 1.000000,
			
			"vertices" : [-3.27532,1.47092,0.096748,3.1826,1.47092,0.096748,3.1826,1.53288,0.096748,-3.27532,5.00047,0.0967484,3.1826,4.91985,0.0967484,3.1826,5.00047,0.0967484,-3.37206,0.973734,0.233807,3.1826,0.973734,0.233807,3.1826,1.47092,0.233807,-3.37206,1.47092,0.233807,-3.27532,-1.15332e-08,0.0967478,3.1826,-1.15332e-08,0.0967478,3.1826,0.897153,0.0967479,-3.27532,0.973734,0.0967479,3.1826,0.973734,0.0967479,-3.37206,5.00047,0.233808,3.1826,5.00047,0.233808,3.1826,5.49511,0.233808,-3.37206,5.49511,0.233808,-3.27532,5.49511,0.0967484,-3.37206,5.49511,6.55068e-07,3.1826,5.49511,0.0967484,-3.27532,5.49511,6.55068e-07,-3.37206,1.47092,1.75348e-07,-3.27532,1.47092,1.75348e-07,-3.27532,0,0,3.1826,0,0,-3.27532,0.973734,1.16078e-07,-3.27532,6.44179,7.67921e-07,-3.27532,6.44179,0.0967486,3.1826,6.44179,0.0967486,3.1826,6.44179,7.67921e-07,3.1826,5.55558,0.0967484,-3.37206,5.00047,5.96103e-07,-3.27532,5.00047,5.96103e-07,-3.37206,0.973734,1.16078e-07,3.1826,5.55558,6.62277e-07,3.1826,1.53288,1.82734e-07,3.1826,4.91985,5.86492e-07,3.1826,0.897153,1.06949e-07,3.1826,5.55558,-0.318461,3.37206,5.55558,-0.318461,3.37206,4.91985,-0.318461,3.1826,4.91985,-0.318461,3.1826,5.55558,-0.0967469,3.1826,5.55558,-0.100778,3.37206,5.55558,9.16208e-07,3.1826,5.55558,9.16208e-07,3.37206,4.91985,5.86492e-07,3.1826,4.91985,3.32561e-07,3.1826,4.91985,-0.0967475,3.1826,1.53288,-0.318461,3.37206,1.53288,-0.318461,3.37206,0.897153,-0.318461,3.1826,0.897153,-0.318462,3.1826,1.53288,-0.0967473,3.1826,1.53288,-0.100779,3.37206,1.53288,4.36665e-07,3.1826,1.53288,4.36665e-07,3.37206,0.897153,1.06949e-07,3.1826,0.897153,-1.46982e-07,3.1826,0.897153,-0.0967479,-3.27532,5.00047,-0.0967475,3.1826,1.53288,-0.0967461,3.1826,1.47092,-0.0967461,-3.27532,1.47092,-0.0967499,3.1826,5.00047,-0.0967439,3.1826,4.91985,-0.0967439,-3.37206,1.47092,-0.233809,3.1826,1.47092,-0.233805,3.1826,0.973734,-0.233806,-3.37206,0.973734,-0.23381,-3.27532,0.973734,-0.0967502,3.1826,0.897153,-0.0967467,3.1826,1.15332e-08,-0.0967473,-3.27532,1.15336e-08,-0.0967508,3.1826,0.973734,-0.0967467,-3.37206,5.49511,-0.233806,3.1826,5.49511,-0.233803,3.1826,5.00047,-0.233803,-3.37206,5.00047,-0.233807,-3.37206,5.49511,6.55068e-07,-3.27532,5.49511,-0.0967471,3.1826,5.49511,-0.0967433,-3.27532,5.49511,6.55068e-07,-3.37206,1.47092,-2.11003e-06,-3.27532,1.47092,-2.11003e-06,3.1826,-2.53931e-07,5.07862e-07,-3.27532,-2.53931e-07,-3.04717e-06,-3.27532,0.973734,-2.42323e-06,3.1826,6.44179,5.08475e-06,3.1826,6.44179,-0.0967427,-3.27532,6.44179,-0.0967465,-3.27532,6.44179,1.27578e-06,3.1826,5.55558,-0.0967433,-3.37206,5.00047,3.42172e-07,-3.27532,5.00047,3.42172e-07,-3.37206,0.973734,-2.42323e-06,3.1826,5.55558,4.47125e-06,3.1826,4.91985,3.8876e-06,3.1826,1.53288,1.70632e-06,3.1826,0.897153,1.12267e-06,3.1826,4.91985,0.318462,3.37206,4.91985,0.318462,3.37206,5.55558,0.318462,3.1826,5.55558,0.318462,3.1826,5.55558,0.10078,3.1826,5.55558,0.0967484,3.1826,5.55558,6.62277e-07,3.37206,5.55558,6.62277e-07,3.37206,4.91985,5.86492e-07,3.1826,4.91985,0.0967484,3.1826,4.91985,5.86492e-07,3.1826,0.897153,0.318462,3.37206,0.897153,0.318462,3.37206,1.53288,0.318462,3.1826,1.53288,0.318462,3.1826,1.53288,0.100779,3.1826,1.53288,0.096748,3.1826,1.53288,1.82734e-07,3.37206,1.53288,1.82734e-07,3.37206,0.897153,1.06949e-07,3.1826,0.897153,0.0967479,3.1826,0.897153,1.06949e-07],
			"faces"    : [43,0,1,2,3,0,0,1,2,3,0,1,2,3,43,3,2,4,5,0,3,2,4,5,3,2,2,4,43,6,7,8,9,0,6,7,8,9,5,4,1,6,43,10,11,12,13,0,10,11,12,13,5,7,2,3,42,13,12,14,0,13,12,14,3,2,4,43,15,16,17,18,0,15,16,17,18,5,4,1,6,43,19,20,18,17,0,19,20,18,17,8,9,6,1,42,19,17,21,0,19,17,21,8,1,1,42,22,20,19,0,22,20,19,9,9,8,43,0,23,9,8,0,0,23,9,8,0,9,6,1,42,0,8,1,0,0,8,1,0,1,1,42,24,23,0,0,24,23,0,9,9,0,43,10,25,26,11,0,10,25,26,11,5,10,11,7,43,10,13,27,25,0,10,13,27,25,5,3,10,10,43,28,29,30,31,0,28,29,30,31,9,6,12,13,43,19,21,32,29,0,19,21,32,29,8,1,2,6,42,29,32,30,0,29,32,30,6,2,12,43,19,29,28,22,0,19,29,28,22,8,6,9,9,43,15,18,20,33,0,15,18,20,33,5,6,9,10,43,15,33,34,3,0,15,33,34,3,5,10,10,3,43,16,15,3,5,0,16,15,3,5,4,5,3,4,43,0,3,34,24,0,0,3,34,24,0,3,10,9,43,6,9,23,35,0,6,9,23,35,5,6,9,10,43,6,35,27,13,0,6,35,27,13,5,10,10,3,43,7,6,13,14,0,7,6,13,14,4,5,3,4,43,30,32,36,31,0,30,32,36,31,12,2,14,13,43,4,2,37,38,0,4,2,37,38,2,2,14,15,43,12,11,26,39,0,12,11,26,39,2,7,11,15,43,40,41,42,43,1,40,41,42,43,16,17,18,19,43,40,45,44,41,1,44,45,45,46,16,20,9,17,43,46,41,44,47,1,47,46,45,48,12,17,9,6,43,46,48,42,41,1,49,50,51,52,12,7,18,17,43,43,48,49,50,1,53,54,55,56,19,7,21,10,42,42,48,43,1,57,54,53,18,7,19,43,40,43,50,45,1,58,59,60,61,16,19,10,20,43,47,44,45,50,1,62,61,61,60,6,9,20,10,42,49,47,50,1,63,62,60,21,6,10,43,46,47,49,48,1,64,64,64,64,12,6,21,7,43,51,52,53,54,2,40,41,42,43,22,23,18,19,43,51,56,55,52,2,44,45,45,46,22,20,9,23,43,57,52,55,58,2,47,46,45,48,12,23,9,6,43,57,59,53,52,2,49,50,51,52,12,7,18,23,43,54,59,60,61,2,53,54,55,56,19,7,21,10,42,53,59,54,2,57,54,53,18,7,19,43,51,54,61,56,2,58,59,60,61,22,19,10,20,43,58,55,56,61,2,62,61,61,60,6,9,20,10,42,60,58,61,2,63,62,60,21,6,10,43,57,58,60,59,2,64,64,64,64,12,6,21,7,43,62,63,64,65,3,65,66,67,68,24,25,26,27,43,63,62,66,67,3,66,65,69,70,25,24,28,25,43,68,69,70,71,3,71,72,73,74,22,26,28,19,43,72,73,74,75,3,75,76,77,78,24,25,18,19,42,76,73,72,3,79,76,75,28,25,24,43,77,78,79,80,3,80,81,82,83,22,26,28,19,43,78,77,81,82,3,81,80,84,85,26,22,9,29,42,83,78,82,3,86,81,85,26,26,29,42,82,81,84,3,85,84,87,29,9,9,43,69,68,85,65,3,72,71,88,68,26,22,9,27,42,64,69,65,3,67,72,68,26,26,27,42,65,85,86,3,68,88,89,27,9,9,43,74,87,88,75,3,77,90,91,78,18,11,10,19,43,88,89,72,75,3,91,92,75,78,10,10,24,19,43,90,91,92,93,3,93,94,95,96,13,23,30,9,43,92,94,83,82,3,95,97,86,85,30,25,26,29,42,91,94,92,3,94,97,95,23,25,30,43,84,93,92,82,3,87,96,95,85,9,9,30,29,43,95,81,77,80,3,98,84,80,83,10,9,22,19,43,62,96,95,80,3,65,99,98,83,24,10,10,19,43,66,62,80,79,3,69,65,83,82,28,24,19,28,43,62,65,86,96,3,65,68,89,99,24,27,9,10,43,97,85,68,71,3,100,88,71,74,10,9,22,19,43,72,89,97,71,3,75,92,100,74,24,10,10,19,43,76,72,71,70,3,79,75,74,73,28,24,19,28,43,90,98,94,91,3,93,101,97,94,13,14,25,23,43,99,100,63,67,3,102,103,66,70,14,14,25,25,43,101,87,74,73,3,104,90,77,76,14,11,18,25,43,102,103,104,105,4,43,42,41,40,5,7,12,6,43,106,105,104,107,4,45,44,46,45,9,6,12,9,43,108,107,104,109,4,48,45,46,47,22,9,12,23,43,104,103,110,109,4,52,51,50,49,12,7,18,23,43,110,102,111,112,4,54,53,56,55,18,5,10,19,42,102,110,103,4,53,54,57,5,18,7,43,102,105,106,111,4,59,58,61,60,5,6,9,10,43,111,106,107,108,4,60,61,61,62,10,9,9,22,42,111,108,112,4,60,62,63,10,22,19,43,110,112,108,109,4,64,64,64,64,18,19,22,23,43,113,114,115,116,5,43,42,41,40,5,7,12,6,43,117,116,115,118,5,45,44,46,45,9,6,12,9,43,119,118,115,120,5,48,45,46,47,22,9,12,23,43,115,114,121,120,5,52,51,50,49,12,7,18,23,43,121,113,122,123,5,54,53,56,55,18,5,10,19,42,113,121,114,5,53,54,57,5,18,7,43,113,116,117,122,5,59,58,61,60,5,6,9,10,43,122,117,118,119,5,60,61,61,62,10,9,9,22,42,122,119,123,5,60,62,63,10,22,19,43,121,123,119,120,5,64,64,64,64,18,19,22,23],