	{

		"metadata": {
			"formatVersion" : 3.1,
			"generatedBy"   : "Blender 2.7 Exporter",
			"vertices"      : 64,
			"faces"         : 78,
			"normals"       : 32,
			"colors"        : 0,
			"uvs"           : [128],
			"materials"     : 1,
			"morphTargets"  : 0,
			"bones"         : 0
		},

			"scale" : 1.000000,
			
			"vertices" : [0.821422,-6.02132e-08,0.505105,0.821422,-8.13824e-08,0.682685,0.821422,0.318722,0.554751,0.821422,0.318722,0.380016,0.922839,-8.13824e-08,0.682685,0.922839,3.40154,-0.682685,0.821422,0.398406,0.522766,0.821422,1.03621,0.266752,0.821422,1.1159,0.234767,0.821422,1.7537,-0.0212471,0.821422,1.83339,-0.0532324,0.821422,2.47119,-0.309246,0.821422,2.55088,-0.341231,0.821422,3.40154,-0.682685,-0.821422,-6.02132e-08,0.505105,-0.922839,-6.02132e-08,0.505105,-0.922839,3.02646,-0.682685,-0.821422,0.318722,0.380016,-0.821422,0.398406,0.348742,-0.821422,1.03621,0.0984234,-0.821422,1.1159,0.0671499,-0.821422,1.7537,-0.183169,-0.821422,1.83339,-0.214442,-0.821422,2.47119,-0.464762,-0.821422,2.55088,-0.496035,-0.821422,3.02646,-0.682685,-0.922839,-8.13824e-08,0.682685,-0.821422,-8.13824e-08,0.682685,-0.821422,0.318722,0.554751,-0.922839,3.40154,-0.682685,-0.821422,0.398406,0.522766,-0.821422,1.03621,0.266752,-0.821422,1.1159,0.234767,-0.821422,1.7537,-0.0212471,-0.821422,1.83339,-0.0532324,-0.821422,2.47119,-0.309246,-0.821422,2.55088,-0.341231,-0.821422,3.40154,-0.682685,0.821422,0.398406,0.348742,0.821422,1.03621,0.0984234,0.821422,1.1159,0.0671499,0.821422,1.7537,-0.183169,0.821422,1.83339,-0.214442,0.821422,2.47119,-0.464762,0.821422,2.55088,-0.496035,0.821422,3.02646,-0.682685,-0.821422,2.47119,-0.682685,0.821422,2.47119,-0.682685,-0.821422,0.318722,-0.682685,0.821422,0.318722,-0.682685,0.922839,-6.02132e-08,0.505105,0.922839,3.02646,-0.682685,-0.821422,0.398407,-0.682685,0.821422,0.398407,-0.682685,0.821422,1.03621,-0.682685,0.821422,1.1159,-0.682335,0.821422,1.7537,-0.682685,0.821422,1.83339,-0.682685,-0.821422,1.7537,-0.682685,-0.821422,1.83339,-0.682685,0.821422,2.55088,-0.682685,-0.821422,2.55088,-0.682685,-0.821422,1.03621,-0.682685,-0.821422,1.1159,-0.682685],
			"faces"    : [43,0,1,2,3,0,0,1,2,3,0,1,2,3,43,1,4,5,2,0,1,4,5,2,1,4,5,2,43,6,2,5,7,0,6,2,5,7,6,2,5,2,43,8,7,5,9,0,8,7,5,9,6,2,5,7,43,10,9,5,11,0,10,9,5,11,8,7,5,2,43,12,11,5,13,0,12,11,5,13,6,2,5,9,43,14,15,16,17,0,14,15,16,17,10,0,11,3,43,18,17,16,19,0,18,17,16,19,12,3,11,3,43,20,19,16,21,0,20,19,16,21,13,3,11,3,43,22,21,16,23,0,22,21,16,23,13,3,11,14,43,24,23,16,25,0,24,23,16,25,15,14,11,16,43,26,27,28,29,0,26,27,28,29,1,4,17,18,43,29,28,30,31,0,29,28,30,31,18,17,19,20,43,29,31,32,33,0,29,31,32,33,18,20,19,20,43,29,33,34,35,0,29,33,34,35,18,20,21,17,43,29,35,36,37,0,29,35,36,37,18,17,19,22,43,15,26,29,16,0,15,26,29,16,0,1,18,11,43,38,6,7,39,0,38,6,7,39,12,6,2,23,43,40,8,9,41,0,40,8,9,41,13,6,7,23,43,42,10,11,43,0,42,10,11,43,24,8,2,14,43,44,12,13,45,0,44,12,13,45,15,6,9,11,43,23,35,36,24,0,46,47,48,49,14,17,19,15,43,35,23,46,11,0,50,51,52,53,17,14,25,2,43,11,46,47,43,0,53,52,54,55,2,25,26,14,43,21,33,34,22,0,56,57,58,59,3,20,21,13,43,19,31,32,20,0,60,61,62,63,3,20,19,13,43,17,28,30,18,0,64,65,66,67,3,17,19,12,43,17,48,49,28,0,68,69,70,71,3,25,26,17,43,2,28,49,3,0,72,71,70,73,2,17,26,3,43,35,11,12,36,0,50,53,74,75,17,2,6,19,43,33,9,10,34,0,76,77,78,79,20,7,8,21,43,31,7,8,32,0,80,81,82,83,20,2,6,19,43,28,2,6,30,0,71,72,84,85,17,2,6,19,43,41,9,10,42,0,86,87,88,89,23,7,8,24,43,39,7,8,40,0,90,91,92,93,23,2,6,13,43,43,11,12,44,0,94,95,96,97,14,2,6,15,43,50,0,3,51,0,98,0,3,99,10,0,3,16,43,51,3,38,39,0,99,3,38,39,16,3,12,23,43,51,39,40,41,0,99,39,40,41,16,23,13,23,43,51,41,42,43,0,99,41,42,43,16,23,24,14,43,51,43,44,45,0,99,43,44,45,16,14,15,11,43,3,2,6,38,0,100,101,102,103,3,2,6,12,43,48,17,18,52,0,69,68,104,105,25,3,12,27,43,38,3,49,53,0,106,73,70,107,12,3,26,28,43,1,0,50,4,0,1,0,98,4,1,0,10,4,43,51,45,13,5,0,99,45,13,5,16,11,9,5,43,5,4,50,51,0,5,4,98,99,5,4,10,16,43,25,16,29,37,0,25,16,29,37,16,11,18,22,43,37,36,24,25,0,37,36,24,25,22,19,15,16,43,35,34,22,23,0,35,34,22,23,17,21,13,14,43,33,32,20,21,0,33,32,20,21,20,19,13,3,43,31,30,18,19,0,31,30,18,19,20,19,12,3,43,26,15,14,27,0,26,15,14,27,1,0,10,4,43,28,27,14,17,0,28,27,14,17,17,4,10,3,43,40,39,54,55,0,108,109,110,111,13,23,29,30,43,42,41,56,57,0,112,113,114,115,24,23,26,28,43,21,58,56,33,0,116,117,114,76,3,25,26,20,43,9,33,56,41,0,77,76,114,113,7,20,26,23,43,22,34,10,57,0,118,79,78,115,13,21,8,28,42,22,57,59,0,118,115,119,13,28,27,42,57,10,42,0,115,78,112,28,8,24,43,56,58,59,57,0,114,117,119,115,26,25,27,28,43,58,21,22,59,0,117,116,118,119,25,3,13,27,43,44,43,47,60,0,120,55,54,121,15,14,26,28,43,46,23,24,61,0,52,51,122,123,25,14,15,27,43,24,36,12,61,0,122,75,74,123,15,19,6,27,43,60,61,12,44,0,121,123,74,120,28,27,6,15,43,47,46,61,60,0,54,52,123,121,26,25,27,28,43,19,62,54,31,0,124,125,110,80,3,25,29,20,43,7,31,54,39,0,81,80,110,109,2,20,29,23,43,62,19,20,63,0,125,124,126,127,25,3,13,31,43,20,32,8,63,0,126,83,82,127,13,19,6,31,43,55,63,8,40,0,111,127,82,108,30,31,6,13,43,49,48,52,53,0,70,69,105,107,26,25,27,28,43,18,30,6,52,0,104,85,84,105,12,19,6,27,43,53,52,6,38,0,107,105,84,106,28,27,6,12,42,55,54,63,0,111,110,127,30,29,31,42,63,54,62,0,127,110,125,31,29,25],
			"uvs"      : [[0.335948,0.825966,0.331676,0.807939,0.391768,0.806878,0.396292,0.831987,0.323951,0.810291,0.975843,0.839949,0.475054,0.806878,0.542163,0.798623,0.582581,0.796137,0.644002,0.794322,0.693568,0.797443,0.761115,0.805799,0.774459,0.797744,0.992836,0.82964,0.335288,0.741637,0.321466,0.740854,0.906939,0.746933,0.404128,0.742265,0.494966,0.742729,0.57535,0.739969,0.592454,0.748723,0.64781,0.737265,0.702009,0.738695,0.771932,0.748766,0.790598,0.749211,0.907815,0.764598,0.321133,0.75728,0.329144,0.759669,0.38608,0.768799,0.981744,0.75751,0.515824,0.768799,0.539926,0.774822,0.592875,0.784674,0.641748,0.784178,0.698284,0.784537,0.753531,0.780114,0.773862,0.79397,0.999824,0.768788,0.518641,0.835099,0.558685,0.834472,0.579671,0.833336,0.644951,0.842316,0.708801,0.845181,0.760014,0.83694,0.782634,0.842162,0.901642,0.830483,0.079998,0.462306,0.060924,0.462306,0.064847,0.445868,0.083833,0.445868,0.321133,0.357375,0.342413,0.351652,0.343427,0.340656,0.608376,0.591908,0.606233,0.548464,0.603119,0.581551,0.060572,0.452319,0.060572,0.485724,0.0508,0.479125,0.0508,0.445868,0.030198,0.45232,0.030198,0.487045,0.020425,0.480447,0.020425,0.445868,0.020073,0.45232,0.020073,0.488367,0.010301,0.481768,0.010301,0.445868,0.032401,0.336891,0.043721,0.235592,0.200976,0.000176,0.000176,0.445516,0.320781,0.005759,0.287153,0.024014,0.608376,0.543683,0.338905,0.336182,0.321133,0.634841,0.611612,0.736913,0.611612,0.646526,0.338611,0.602525,0.321133,0.33583,0.656275,0.037103,0.561435,0.002881,0.339209,0.22847,0.200678,0.005759,0.008022,0.320356,0.050448,0.452319,0.050448,0.485724,0.040675,0.479125,0.040675,0.445868,0.040323,0.45232,0.040323,0.487045,0.03055,0.480447,0.03055,0.445868,0.103258,0.462306,0.084185,0.462306,0.088108,0.445868,0.107094,0.445868,0.321133,0.825944,0.90003,0.847388,0.009949,0.45232,0.009949,0.488367,0.000176,0.481768,0.000176,0.445868,0.039509,0.310018,0.076964,0.288703,0.252097,0.035616,0.221247,0.056048,0.553357,0.037103,0.551789,0.018597,0.552544,0.000176,0.557166,0.055174,0.654896,0.700427,0.690458,0.719774,0.626773,0.672306,0.622642,0.702221,0.364044,0.610604,0.351615,0.592504,0.364442,0.59226,0.358006,0.627259,0.602971,0.572217,0.600187,0.569766,0.341387,0.350523,0.339385,0.364879,0.369574,0.221857,0.351116,0.199098,0.367593,0.209042,0.368047,0.238987]],