	{

		"metadata": {
			"formatVersion" : 3.1,
			"generatedBy"   : "Blender 2.7 Exporter",
			"vertices"      : 74,
			"faces"         : 72,
			"normals"       : 74,
			"colors"        : 0,
			"uvs"           : [],
			"materials"     : 1,
			"morphTargets"  : 0,
			"bones"         : 0
		},

			"scale" : 1.000000,
			
			"vertices" : [0.999999,1.38934,0.825146,1,1.38934,-1.17485,0.592542,1.12186,-0.174854,0.78245,1.45761,-0.193286,2.60235,2.28732,-0.174854,0.958907,1.49357,-0.152035,0.958907,1.49357,-0.197673,0.708148,1.07181,-0.152035,0.708148,1.07181,-0.197673,0.542414,0.931489,-0.174854,0.609094,0.528348,0.542655,0.609094,0.528348,-0.892364,0.749453,0.807538,-0.146874,0.749453,0.807538,-0.202835,0.640226,0.592338,-0.151012,0.640226,0.592338,-0.198696,0.579356,0.810122,-0.152035,0.579356,0.810122,-0.197673,0.782803,1.01072,0.719825,0.782804,1.01072,-1.06953,0.575988,0.352766,0.483621,0.575988,0.352766,-0.833329,0.4923,0.745258,-0.174854,0.533128,0.602674,-0.151012,0.533128,0.602674,-0.198696,0.49957,-0.0337808,0.460423,0.575988,0.0110168,-0.833329,0.517918,0.257501,-0.151012,0.517918,0.257501,-0.198696,0.0065106,0.528622,0.0329075,0.00379363,0.528622,-0.209198,0.012628,2.12236,1.41891,0.173745,2.32444,1.72275,-1,1.38934,0.825146,-0.999999,1.38934,-1.17485,-0.592542,1.12186,-0.174854,-0.78245,1.45761,-0.193286,-2.60235,2.28732,-0.174855,-0.958907,1.49357,-0.152036,-0.958907,1.49357,-0.197674,-0.708148,1.07181,-0.152035,-0.708148,1.07181,-0.197673,-0.542414,0.931489,-0.174854,-0.609094,0.528348,0.542655,-0.609094,0.528348,-0.892364,-0.749453,0.807538,-0.146874,-0.749453,0.807538,-0.202835,-0.640226,0.592338,-0.151013,-0.640226,0.592338,-0.198696,-0.579356,0.810122,-0.152035,-0.579356,0.810122,-0.197673,-0.782804,1.01072,0.719824,-0.782803,1.01072,-1.06953,-0.575988,0.352766,0.483621,-0.575988,0.352766,-0.833329,-0.4923,0.745258,-0.174854,2.86611e-08,0.979368,-0.364668,-0.533128,0.602674,-0.151013,-0.533128,0.602674,-0.198696,-5.06145e-09,0.637619,-0.141334,5.06145e-09,0.637619,-0.208375,-0.49957,-0.0337808,0.460423,-0.575988,0.0110168,-0.833329,-0.517918,0.257501,-0.151013,-0.517918,0.257501,-0.198696,-4.10639e-07,1.98359,2.54468,4.19388e-07,2.36425,-2.95233,-0.00651066,0.528622,0.0329075,-0.00379362,0.528622,-0.209198,-0.0126285,2.12236,1.41891,-0.173745,2.32444,1.72275,-2.29551e-07,2.29552,1.34539,-2.86611e-08,0.979368,0.0149595,0,1.22831,-0.174854],
			"faces"    : [35,18,0,3,2,0,0,1,2,3,35,19,2,3,1,0,4,3,2,5,35,5,0,18,7,0,6,1,0,7,35,6,8,19,1,0,8,9,4,5,34,18,16,7,0,0,10,7,34,17,19,8,0,11,4,9,35,2,9,10,18,0,3,12,13,0,35,11,9,2,19,0,14,12,3,4,34,18,10,16,0,0,13,10,34,11,19,17,0,14,4,11,35,9,22,20,10,0,12,15,16,13,35,21,22,9,11,0,17,15,12,14,35,14,20,25,27,0,18,16,19,20,35,26,21,15,28,0,21,17,22,23,34,25,29,27,0,19,24,20,34,30,26,28,0,25,21,23,35,25,32,31,29,0,19,26,27,24,34,65,31,32,0,28,27,26,35,10,20,23,16,0,13,16,29,10,35,24,21,11,17,0,30,17,14,11,34,26,30,66,0,21,25,31,34,0,4,3,0,1,32,2,34,1,3,4,0,5,2,32,34,1,4,6,0,5,32,8,34,0,5,4,0,1,6,32,35,10,18,12,14,0,13,0,33,18,35,11,15,13,19,0,14,22,34,4,34,10,14,20,0,13,18,16,34,11,21,15,0,14,17,22,35,20,22,73,72,0,16,15,35,36,35,56,73,22,21,0,37,35,15,17,35,72,59,25,20,0,36,38,19,16,35,21,26,60,56,0,17,21,39,37,35,59,71,32,25,0,38,40,26,19,34,71,65,32,0,40,28,26,34,26,66,60,0,21,31,39,35,51,35,36,33,0,41,42,43,44,35,52,34,36,35,0,45,46,43,42,35,38,40,51,33,0,47,48,41,44,35,39,34,52,41,0,49,46,45,50,34,51,40,49,0,41,48,51,34,50,41,52,0,52,50,45,35,35,51,43,42,0,42,41,53,54,35,44,52,35,42,0,55,45,42,54,34,51,49,43,0,41,51,53,34,44,50,52,0,55,52,45,35,42,43,53,55,0,54,53,56,57,35,54,44,42,55,0,58,55,54,57,35,47,63,61,53,0,59,60,61,56,35,62,64,48,54,0,62,63,64,58,34,61,63,67,0,61,60,65,34,68,64,62,0,66,63,62,35,61,67,69,70,0,61,65,67,68,34,65,70,69,0,28,68,67,35,43,49,57,53,0,53,51,69,56,35,58,50,44,54,0,70,52,55,58,34,62,66,68,0,62,31,66,34,33,36,37,0,44,43,71,34,34,37,36,0,46,71,43,34,34,39,37,0,46,49,71,34,33,37,38,0,44,71,47,35,43,47,45,51,0,53,59,72,41,35,44,52,46,48,0,55,45,73,64,34,43,53,47,0,53,56,59,34,44,48,54,0,55,64,58,35,53,72,73,55,0,56,36,35,57,35,56,54,55,73,0,37,58,57,35,35,72,53,61,59,0,36,56,61,38,35,54,56,60,62,0,58,37,39,62,35,59,61,70,71,0,38,61,68,40,34,71,70,65,0,40,68,28,34,62,60,66,0,62,39,31],
			"uvs"      : [],
			"normals"  : [-0.921964,0.240761,0.303232,0.250343,0.258309,0.933042,-0.700919,0.713187,-0.006684,-0.929563,0.368633,0.00238,-0.924619,0.222053,-0.309366,0.227546,0.216529,-0.94937,0.671438,-0.732658,-0.111087,0.878567,-0.466384,-0.102634,0.671438,-0.732658,0.111087,0.878567,-0.466384,0.102634,0.942198,-0.310648,-0.12537,0.942198,-0.310648,0.12537,-0.971984,0.234993,0,-0.955321,0.290933,0.052004,-0.955321,0.290933,-0.052004,-0.452895,0.891537,0,-0.410871,0.028138,0.911222,-0.437391,0.025239,-0.898892,-0.854457,0.494278,-0.159764,0.092715,-0.916715,0.388623,0.543016,-0.780541,-0.30958,0.169927,-0.900327,-0.400647,-0.781396,0.599353,0.173681,0.468368,-0.835841,0.286264,-0.780084,-0.584033,0.224372,-0.734519,-0.667959,-0.119419,0.623249,0.734855,0.267373,-0.574969,-0.625813,0.526963,0,0.133641,0.990997,0.974975,-0.182775,-0.126347,0.974975,-0.182775,0.126347,0,0.777276,-0.629139,0.235969,0.971709,0.007233,-0.923154,0.382977,-0.032838,-0.923154,0.382977,0.032838,0,1,0,0,0.645405,0.763817,0,0.633137,-0.77401,0,0.525101,0.851009,0,0.439741,-0.898099,0,0.841456,-0.5403,0.921964,0.240761,0.303232,0.929563,0.368633,0.00238,0.700919,0.713187,-0.006684,-0.250343,0.258309,0.933042,0.924619,0.222053,-0.309336,-0.227546,0.216529,-0.94937,-0.671438,-0.732658,-0.111087,-0.878567,-0.466384,-0.102634,-0.671438,-0.732658,0.111087,-0.878567,-0.466384,0.102634,-0.942198,-0.310648,-0.12537,-0.942198,-0.310648,0.12537,0.955321,0.290933,0.052004,0.971984,0.234993,0,0.955321,0.290933,-0.052004,0.410871,0.028138,0.911222,0.452895,0.891537,0,0.437391,0.025239,-0.898892,0.854457,0.494278,-0.159764,-0.543016,-0.780541,-0.30958,-0.092715,-0.916715,0.388623,-0.169927,-0.900327,-0.400647,-0.468368,-0.835841,0.286264,0.781396,0.599353,0.173681,0.780084,-0.584033,0.224372,0.734519,-0.667959,-0.119419,0.574969,-0.625813,0.526963,-0.623249,0.734855,0.267373,-0.974975,-0.182775,-0.126347,-0.974975,-0.182775,0.126347,-0.235969,0.971709,0.007233,0.923154,0.382977,-0.032838,0.923154,0.382977,0.032838],
			
			"skinIndices"  : [],
			"skinWeights"  : [],
			"morphTargets" : [],
			
			"bones"      : [],
			"animations" : [],
			
			"colors"    : [],
			"materials" : [
				{
					"DbgColor": 15658734,
					"DbgIndex": 0,
					"DbgName": "default",
					"vertexColors": false
				}
			]


	}
